Frequency_GHz,Z0,Alpha_Conductor,Alpha_Conductor_CuRho,Alpha_Dielectric,Alpha_Total,Sigma,TanD,Epsilon_r
23.2560616034737,43.7968546936649,1.90452711811949,0.728078108298823,0.345474411800191,2.25000152991968,8227919.21707313,0.0053817367390686,3.59061181199401
33.7959714932632,43.8010864021619,2.97069504947949,0.877607641109313,0.547200767228442,3.51789581670793,4913523.54652235,0.00586663195861396,3.58964562092326
44.3247411903684,43.7974395759424,3.95733949497963,1.00514147340244,0.765491486286202,4.72283098126583,3632086.32339754,0.00625670649918326,3.59047825397213
54.847296386,43.7892388523498,5.19437325841756,1.1183121072603,1.01003284514864,6.2044061035662,2609565.12850364,0.00666971375940361,3.59235137992518
65.3264487284737,43.7681685634092,4.93850518015128,1.22106550128992,1.29013798316773,6.22864316331901,3441876.55612493,0.00714749130823357,3.59716887002304
75.7767222074737,43.751667754064,8.33295552471061,1.31560678975086,1.64441661339725,9.97737213810786,1403338.62726508,0.00784931306016312,3.60094645947316
96.5272460660715,43.7342211234637,10.7387685855974,1.4854443023449,2.64588307453507,13.3846516601325,1077239.25803276,0.00990857151276318,3.60494523056738
106.921580895714,43.8121784786625,19.3679624982831,1.5605965709335,2.7516190362493,22.1195815345324,365528.984956235,0.00932821796547867,3.58711438720785
